"A","Agriculture, forestry and fishing"
"A.01","Crop and animal production, hunting and related service activities"
"A.01.1","Growing of non-perennial crops"
"A.01.1.1","Growing of cereals (except rice), leguminous crops and oil seeds"
"A.01.1.2","Growing of rice"
"A.01.1.3","Growing of vegetables and melons, roots and tubers"
"A.01.1.4","Growing of sugar cane"
"A.01.1.5","Growing of tobacco"
"A.01.1.6","Growing of fibre crops"
"A.01.1.9","Growing of other non-perennial crops"
"A.01.2","Growing of perennial crops"
"A.01.2.1","Growing of grapes"
"A.01.2.2","Growing of tropical and subtropical fruits"
"A.01.2.3","Growing of citrus fruits"
"A.01.2.4","Growing of pome fruits and stone fruits"
"A.01.2.5","Growing of other tree and bush fruits and nuts"
"A.01.2.6","Growing of oleaginous fruits"
"A.01.2.7","Growing of beverage crops"
"A.01.2.8","Growing of spices, aromatic, drug and pharmaceutical crops"
"A.01.2.9","Growing of other perennial crops"
"A.01.3","Plant propagation"
"A.01.3.0","Plant propagation"
"A.01.4","Animal production"
"A.01.4.1","Raising of cattle and buffaloes"
"A.01.4.2","Raising of horses and other equines"
"A.01.4.3","Raising of camels and camelids"
"A.01.4.4","Raising of sheep and goats"
"A.01.4.5","Raising of swine/pigs"
"A.01.4.6","Raising of poultry"
"A.01.4.9","Raising of other animals"
"A.01.5","Mixed farming"
"A.01.5.0","Mixed farming"
"A.01.6","Support activities to agriculture and post-harvest crop activities"
"A.01.6.1","Support activities for crop production"
"A.01.6.2","Support activities for animal production"
"A.01.6.3","Post-harvest crop activities"
"A.01.6.4","Seed processing for propagation"
"A.01.7","Hunting, trapping and related service activities"
"A.01.7.0","Hunting, trapping and related service activities"
"A.02","Forestry and logging"
"A.02.1","Silviculture and other forestry activities"
"A.02.1.0","Silviculture and other forestry activities"
"A.02.2","Logging"
"A.02.2.0","Logging"
"A.02.3","Gathering of non-wood forest products"
"A.02.3.0","Gathering of non-wood forest products"
"A.02.4","Support services to forestry"
"A.02.4.0","Support services to forestry"
"A.03","Fishing and aquaculture"
"A.03.1","Fishing"
"A.03.1.1","Marine fishing"
"A.03.1.2","Freshwater fishing"
"A.03.2","Aquaculture"
"A.03.2.1","Marine aquaculture"
"A.03.2.2","Freshwater aquaculture"
"B","Mining and quarrying"
"B.05","Mining of coal and lignite"
"B.05.1","Mining of hard coal"
"B.05.1.0","Mining of hard coal"
"B.05.2","Mining of lignite"
"B.05.2.0","Mining of lignite"
"B.06","Extraction of crude petroleum and natural gas"
"B.06.1","Extraction of crude petroleum"
"B.06.1.0","Extraction of crude petroleum"
"B.06.2","Extraction of natural gas"
"B.06.2.0","Extraction of natural gas"
"B.07","Mining of metal ores"
"B.07.1","Mining of iron ores"
"B.07.1.0","Mining of iron ores"
"B.07.2","Mining of non-ferrous metal ores"
"B.07.2.1","Mining of uranium and thorium ores"
"B.07.2.9","Mining of other non-ferrous metal ores"
"B.08","Other mining and quarrying"
"B.08.1","Quarrying of stone, sand and clay"
"B.08.1.0","Quarrying of stone, sand and clay"
"B.08.9","Mining and quarrying n.e.c."
"B.08.9.1","Mining of chemical and fertilizer minerals"
"B.08.9.2","Extraction of peat"
"B.08.9.3","Extraction of salt"
"B.08.9.9","Other mining and quarrying n.e.c."
"B.09","Mining support service activities"
"B.09.1","Support activities for petroleum and natural gas extraction"
"B.09.1.0","Support activities for petroleum and natural gas extraction"
"B.09.9","Support activities for other mining and quarrying"
"B.09.9.0","Support activities for other mining and quarrying"
"C","Manufacturing"
"C.10","Manufacture of food products"
"C.10.1","Processing and preserving of meat"
"C.10.1.0","Processing and preserving of meat"
"C.10.2","Processing and preserving of fish, crustaceans and molluscs"
"C.10.2.0","Processing and preserving of fish, crustaceans and molluscs"
"C.10.3","Processing and preserving of fruit and vegetables"
"C.10.3.0","Processing and preserving of fruit and vegetables"
"C.10.4","Manufacture of vegetable and animal oils and fats"
"C.10.4.0","Manufacture of vegetable and animal oils and fats"
"C.10.5","Manufacture of dairy products"
"C.10.5.0","Manufacture of dairy products"
"C.10.6","Manufacture of grain mill products, starches and starch products"
"C.10.6.1","Manufacture of grain mill products"
"C.10.6.2","Manufacture of starches and starch products"
"C.10.7","Manufacture of other food products"
"C.10.7.1","Manufacture of bakery products"
"C.10.7.2","Manufacture of sugar"
"C.10.7.3","Manufacture of cocoa, chocolate and sugar confectionery"
"C.10.7.4","Manufacture of macaroni, noodles, couscous and similar farinaceous products"
"C.10.7.5","Manufacture of prepared meals and dishes"
"C.10.7.9","Manufacture of other food products n.e.c."
"C.10.8","Manufacture of prepared animal feeds"
"C.10.8.0","Manufacture of prepared animal feeds"
"C.11","Manufacture of beverages"
"C.11.0","Manufacture of beverages"
"C.11.0.1","Distilling, rectifying and blending of spirits"
"C.11.0.2","Manufacture of wines"
"C.11.0.3","Manufacture of malt liquors and malt"
"C.11.0.4","Manufacture of soft drinks; production of mineral waters and other bottled waters"
"C.12","Manufacture of tobacco products"
"C.12.0","Manufacture of tobacco products"
"C.12.0.0","Manufacture of tobacco products"
"C.13","Manufacture of textiles"
"C.13.1","Spinning, weaving and finishing of textiles"
"C.13.1.1","Preparation and spinning of textile fibres"
"C.13.1.2","Weaving of textiles"
"C.13.1.3","Finishing of textiles"
"C.13.9","Manufacture of other textiles"
"C.13.9.1","Manufacture of knitted and crocheted fabrics"
"C.13.9.2","Manufacture of made-up textile articles, except apparel"
"C.13.9.3","Manufacture of carpets and rugs"
"C.13.9.4","Manufacture of cordage, rope, twine and netting"
"C.13.9.9","Manufacture of other textiles n.e.c."
"C.14","Manufacture of wearing apparel"
"C.14.1","Manufacture of wearing apparel, except fur apparel"
"C.14.1.0","Manufacture of wearing apparel, except fur apparel"
"C.14.2","Manufacture of articles of fur"
"C.14.2.0","Manufacture of articles of fur"
"C.14.3","Manufacture of knitted and crocheted apparel"
"C.14.3.0","Manufacture of knitted and crocheted apparel"
"C.15","Manufacture of leather and related products"
"C.15.1","Tanning and dressing of leather; manufacture of luggage, handbags, saddlery and harness; dressing and dyeing of fur"
"C.15.1.1","Tanning and dressing of leather; dressing and dyeing of fur"
"C.15.1.2","Manufacture of luggage, handbags and the like, saddlery and harness"
"C.15.2","Manufacture of footwear"
"C.15.2.0","Manufacture of footwear"
"C.16","Manufacture of wood and of products of wood and cork, except furniture; manufacture of articles of straw and plaiting materials"
"C.16.1","Sawmilling and planing of wood"
"C.16.1.0","Sawmilling and planing of wood"
"C.16.2","Manufacture of products of wood, cork, straw and plaiting materials"
"C.16.2.1","Manufacture of veneer sheets and wood-based panels"
"C.16.2.2","Manufacture of builders' carpentry and joinery"
"C.16.2.3","Manufacture of wooden containers"
"C.16.2.9","Manufacture of other products of wood; manufacture of articles of cork, straw and plaiting materials"
"C.17","Manufacture of paper and paper products"
"C.17.0","Manufacture of paper and paper products"
"C.17.0.1","Manufacture of pulp, paper and paperboard"
"C.17.0.2","Manufacture of corrugated paper and paperboard and of containers of paper and paperboard"
"C.17.0.9","Manufacture of other articles of paper and paperboard"
"C.18","Printing and reproduction of recorded media"
"C.18.1","Printing and service activities related to printing"
"C.18.1.1","Printing"
"C.18.1.2","Service activities related to printing"
"C.18.2","Reproduction of recorded media"
"C.18.2.0","Reproduction of recorded media"
"C.19","Manufacture of coke and refined petroleum products"
"C.19.1","Manufacture of coke oven products"
"C.19.1.0","Manufacture of coke oven products"
"C.19.2","Manufacture of refined petroleum products"
"C.19.2.0","Manufacture of refined petroleum products"
"C.20","Manufacture of chemicals and chemical products"
"C.20.1","Manufacture of basic chemicals, fertilizers and nitrogen compounds, plastics and synthetic rubber in primary forms"
"C.20.1.1","Manufacture of basic chemicals"
"C.20.1.2","Manufacture of fertilizers and nitrogen compounds"
"C.20.1.3","Manufacture of plastics and synthetic rubber in primary forms"
"C.20.2","Manufacture of other chemical products"
"C.20.2.1","Manufacture of pesticides and other agrochemical products"
"C.20.2.2","Manufacture of paints, varnishes and similar coatings, printing ink and mastics"
"C.20.2.3","Manufacture of soap and detergents, cleaning and polishing preparations, perfumes and toilet preparations"
"C.20.2.9","Manufacture of other chemical products n.e.c."
"C.20.3","Manufacture of man-made fibres"
"C.20.3.0","Manufacture of man-made fibres"
"C.21","Manufacture of basic pharmaceutical products and pharmaceutical preparations"
"C.21.0","Manufacture of pharmaceuticals, medicinal chemical and botanical products"
"C.21.0.0","Manufacture of pharmaceuticals, medicinal chemical and botanical products"
"C.22","Manufacture of rubber and plastics products"
"C.22.1","Manufacture of rubber products"
"C.22.1.1","Manufacture of rubber tyres and tubes; retreading and rebuilding of rubber tyres"
"C.22.1.9","Manufacture of other rubber products"
"C.22.2","Manufacture of plastics products"
"C.22.2.0","Manufacture of plastics products"
"C.23","Manufacture of other non-metallic mineral products"
"C.23.1","Manufacture of glass and glass products"
"C.23.1.0","Manufacture of glass and glass products"
"C.23.9","Manufacture of non-metallic mineral products n.e.c."
"C.23.9.1","Manufacture of refractory products"
"C.23.9.2","Manufacture of clay building materials"
"C.23.9.3","Manufacture of other porcelain and ceramic products"
"C.23.9.4","Manufacture of cement, lime and plaster"
"C.23.9.5","Manufacture of articles of concrete, cement and plaster"
"C.23.9.6","Cutting, shaping and finishing of stone"
"C.23.9.9","Manufacture of other non-metallic mineral products n.e.c."
"C.24","Manufacture of basic metals"
"C.24.1","Manufacture of basic iron and steel"
"C.24.1.0","Manufacture of basic iron and steel"
"C.24.2","Manufacture of basic precious and other non-ferrous metals"
"C.24.2.0","Manufacture of basic precious and other non-ferrous metals"
"C.24.3","Casting of metals"
"C.24.3.1","Casting of iron and steel"
"C.24.3.2","Casting of non-ferrous metals"
"C.25","Manufacture of fabricated metal products, except machinery and equipment"
"C.25.1","Manufacture of structural metal products, tanks, reservoirs and steam generators"
"C.25.1.1","Manufacture of structural metal products"
"C.25.1.2","Manufacture of tanks, reservoirs and containers of metal"
"C.25.1.3","Manufacture of steam generators, except central heating hot water boilers"
"C.25.2","Manufacture of weapons and ammunition"
"C.25.2.0","Manufacture of weapons and ammunition"
"C.25.9","Manufacture of other fabricated metal products; metalworking service activities"
"C.25.9.1","Forging, pressing, stamping and roll-forming of metal; powder metallurgy"
"C.25.9.2","Treatment and coating of metals; machining"
"C.25.9.3","Manufacture of cutlery, hand tools and general hardware"
"C.25.9.9","Manufacture of other fabricated metal products n.e.c."
"C.26","Manufacture of computer, electronic and optical products"
"C.26.1","Manufacture of electronic components and boards"
"C.26.1.0","Manufacture of electronic components and boards"
"C.26.2","Manufacture of computers and peripheral equipment"
"C.26.2.0","Manufacture of computers and peripheral equipment"
"C.26.3","Manufacture of communication equipment"
"C.26.3.0","Manufacture of communication equipment"
"C.26.4","Manufacture of consumer electronics"
"C.26.4.0","Manufacture of consumer electronics"
"C.26.5","Manufacture of measuring, testing, navigating and control equipment; watches and clocks"
"C.26.5.1","Manufacture of measuring, testing, navigating and control equipment"
"C.26.5.2","Manufacture of watches and clocks"
"C.26.6","Manufacture of irradiation, electromedical and electrotherapeutic equipment"
"C.26.6.0","Manufacture of irradiation, electromedical and electrotherapeutic equipment"
"C.26.7","Manufacture of optical instruments and photographic equipment"
"C.26.7.0","Manufacture of optical instruments and photographic equipment"
"C.26.8","Manufacture of magnetic and optical media"
"C.26.8.0","Manufacture of magnetic and optical media"
"C.27","Manufacture of electrical equipment"
"C.27.1","Manufacture of electric motors, generators, transformers and electricity distribution and control apparatus"
"C.27.1.0","Manufacture of electric motors, generators, transformers and electricity distribution and control apparatus"
"C.27.2","Manufacture of batteries and accumulators"
"C.27.2.0","Manufacture of batteries and accumulators"
"C.27.3","Manufacture of wiring and wiring devices"
"C.27.3.1","Manufacture of fibre optic cables"
"C.27.3.2","Manufacture of other electronic and electric wires and cables"
"C.27.3.3","Manufacture of wiring devices"
"C.27.4","Manufacture of electric lighting equipment"
"C.27.4.0","Manufacture of electric lighting equipment"
"C.27.5","Manufacture of domestic appliances"
"C.27.5.0","Manufacture of domestic appliances"
"C.27.9","Manufacture of other electrical equipment"
"C.27.9.0","Manufacture of other electrical equipment"
"C.28","Manufacture of machinery and equipment n.e.c."
"C.28.1","Manufacture of general-purpose machinery"
"C.28.1.1","Manufacture of engines and turbines, except aircraft, vehicle and cycle engines"
"C.28.1.2","Manufacture of fluid power equipment"
"C.28.1.3","Manufacture of other pumps, compressors, taps and valves"
"C.28.1.4","Manufacture of bearings, gears, gearing and driving elements"
"C.28.1.5","Manufacture of ovens, furnaces and furnace burners"
"C.28.1.6","Manufacture of lifting and handling equipment"
"C.28.1.7","Manufacture of office machinery and equipment (except computers and peripheral equipment)"
"C.28.1.8","Manufacture of power-driven hand tools"
"C.28.1.9","Manufacture of other general-purpose machinery"
"C.28.2","Manufacture of special-purpose machinery"
"C.28.2.1","Manufacture of agricultural and forestry machinery"
"C.28.2.2","Manufacture of metal-forming machinery and machine tools"
"C.28.2.3","Manufacture of machinery for metallurgy"
"C.28.2.4","Manufacture of machinery for mining, quarrying and construction"
"C.28.2.5","Manufacture of machinery for food, beverage and tobacco processing"
"C.28.2.6","Manufacture of machinery for textile, apparel and leather production"
"C.28.2.9","Manufacture of other special-purpose machinery"
"C.29","Manufacture of motor vehicles, trailers and semi-trailers"
"C.29.1","Manufacture of motor vehicles"
"C.29.1.0","Manufacture of motor vehicles"
"C.29.2","Manufacture of bodies (coachwork) for motor vehicles; manufacture of trailers and semi-trailers"
"C.29.2.0","Manufacture of bodies (coachwork) for motor vehicles; manufacture of trailers and semi-trailers"
"C.29.3","Manufacture of parts and accessories for motor vehicles"
"C.29.3.0","Manufacture of parts and accessories for motor vehicles"
"C.30","Manufacture of other transport equipment"
"C.30.1","Building of ships and boats"
"C.30.1.1","Building of ships and floating structures"
"C.30.1.2","Building of pleasure and sporting boats"
"C.30.2","Manufacture of railway locomotives and rolling stock"
"C.30.2.0","Manufacture of railway locomotives and rolling stock"
"C.30.3","Manufacture of air and spacecraft and related machinery"
"C.30.3.0","Manufacture of air and spacecraft and related machinery"
"C.30.4","Manufacture of military fighting vehicles"
"C.30.4.0","Manufacture of military fighting vehicles"
"C.30.9","Manufacture of transport equipment n.e.c."
"C.30.9.1","Manufacture of motorcycles"
"C.30.9.2","Manufacture of bicycles and invalid carriages"
"C.30.9.9","Manufacture of other transport equipment n.e.c."
"C.31","Manufacture of furniture"
"C.31.0","Manufacture of furniture"
"C.31.0.0","Manufacture of furniture"
"C.32","Other manufacturing"
"C.32.1","Manufacture of jewellery, bijouterie and related articles"
"C.32.1.1","Manufacture of jewellery and related articles"
"C.32.1.2","Manufacture of imitation jewellery and related articles"
"C.32.2","Manufacture of musical instruments"
"C.32.2.0","Manufacture of musical instruments"
"C.32.3","Manufacture of sports goods"
"C.32.3.0","Manufacture of sports goods"
"C.32.4","Manufacture of games and toys"
"C.32.4.0","Manufacture of games and toys"
"C.32.5","Manufacture of medical and dental instruments and supplies"
"C.32.5.0","Manufacture of medical and dental instruments and supplies"
"C.32.9","Other manufacturing n.e.c."
"C.32.9.0","Other manufacturing n.e.c."
"C.33","Repair and installation of machinery and equipment"
"C.33.1","Repair of fabricated metal products, machinery and equipment"
"C.33.1.1","Repair of fabricated metal products"
"C.33.1.2","Repair of machinery"
"C.33.1.3","Repair of electronic and optical equipment"
"C.33.1.4","Repair of electrical equipment"
"C.33.1.5","Repair of transport equipment, except motor vehicles"
"C.33.1.9","Repair of other equipment"
"C.33.2","Installation of industrial machinery and equipment"
"C.33.2.0","Installation of industrial machinery and equipment"
"D","Electricity, gas, steam and air conditioning supply"
"D.35","Electricity, gas, steam and air conditioning supply"
"D.35.1","Electric power generation, transmission and distribution"
"D.35.1.0","Electric power generation, transmission and distribution"
"D.35.2","Manufacture of gas; distribution of gaseous fuels through mains"
"D.35.2.0","Manufacture of gas; distribution of gaseous fuels through mains"
"D.35.3","Steam and air conditioning supply"
"D.35.3.0","Steam and air conditioning supply"
"E","Water supply; sewerage, waste management and remediation activities"
"E.36","Water collection, treatment and supply"
"E.36.0","Water collection, treatment and supply"
"E.36.0.0","Water collection, treatment and supply"
"E.37","Sewerage"
"E.37.0","Sewerage"
"E.37.0.0","Sewerage"
"E.38","Waste collection, treatment and disposal activities; materials recovery"
"E.38.1","Waste collection"
"E.38.1.1","Collection of non-hazardous waste"
"E.38.1.2","Collection of hazardous waste"
"E.38.2","Waste treatment and disposal"
"E.38.2.1","Treatment and disposal of non-hazardous waste"
"E.38.2.2","Treatment and disposal of hazardous waste"
"E.38.3","Materials recovery"
"E.38.3.0","Materials recovery"
"E.39","Remediation activities and other waste management services"
"E.39.0","Remediation activities and other waste management services"
"E.39.0.0","Remediation activities and other waste management services"
"F","Construction"
"F.41","Construction of buildings"
"F.41.0","Construction of buildings"
"F.41.0.0","Construction of buildings"
"F.42","Civil engineering"
"F.42.1","Construction of roads and railways"
"F.42.1.0","Construction of roads and railways"
"F.42.2","Construction of utility projects"
"F.42.2.0","Construction of utility projects"
"F.42.9","Construction of other civil engineering projects"
"F.42.9.0","Construction of other civil engineering projects"
"F.43","Specialized construction activities"
"F.43.1","Demolition and site preparation"
"F.43.1.1","Demolition"
"F.43.1.2","Site preparation"
"F.43.2","Electrical, plumbing and other construction installation activities"
"F.43.2.1","Electrical installation"
"F.43.2.2","Plumbing, heat and air-conditioning installation"
"F.43.2.9","Other construction installation"
"F.43.3","Building completion and finishing"
"F.43.3.0","Building completion and finishing"
"F.43.9","Other specialized construction activities"
"F.43.9.0","Other specialized construction activities"
"G","Wholesale and retail trade; repair of motor vehicles and motorcycles"
"G.45","Wholesale and retail trade and repair of motor vehicles and motorcycles"
"G.45.1","Sale of motor vehicles"
"G.45.1.0","Sale of motor vehicles"
"G.45.2","Maintenance and repair of motor vehicles"
"G.45.2.0","Maintenance and repair of motor vehicles"
"G.45.3","Sale of motor vehicle parts and accessories"
"G.45.3.0","Sale of motor vehicle parts and accessories"
"G.45.4","Sale, maintenance and repair of motorcycles and related parts and accessories"
"G.45.4.0","Sale, maintenance and repair of motorcycles and related parts and accessories"
"G.46","Wholesale trade, except of motor vehicles and motorcycles"
"G.46.1","Wholesale on a fee or contract basis"
"G.46.1.0","Wholesale on a fee or contract basis"
"G.46.2","Wholesale of agricultural raw materials and live animals"
"G.46.2.0","Wholesale of agricultural raw materials and live animals"
"G.46.3","Wholesale of food, beverages and tobacco"
"G.46.3.0","Wholesale of food, beverages and tobacco"
"G.46.4","Wholesale of household goods"
"G.46.4.1","Wholesale of textiles, clothing and footwear"
"G.46.4.9","Wholesale of other household goods"
"G.46.5","Wholesale of machinery, equipment and supplies"
"G.46.5.1","Wholesale of computers, computer peripheral equipment and software"
"G.46.5.2","Wholesale of electronic and telecommunications equipment and parts"
"G.46.5.3","Wholesale of agricultural machinery, equipment and supplies"
"G.46.5.9","Wholesale of other machinery and equipment"
"G.46.6","Other specialized wholesale"
"G.46.6.1","Wholesale of solid, liquid and gaseous fuels and related products"
"G.46.6.2","Wholesale of metals and metal ores"
"G.46.6.3","Wholesale of construction materials, hardware, plumbing and heating equipment and supplies"
"G.46.6.9","Wholesale of waste and scrap and other products n.e.c."
"G.46.9","Non-specialized wholesale trade"
"G.46.9.0","Non-specialized wholesale trade"
"G.47","Retail trade, except of motor vehicles and motorcycles"
"G.47.1","Retail sale in non-specialized stores"
"G.47.1.1","Retail sale in non-specialized stores with food, beverages or tobacco predominating"
"G.47.1.9","Other retail sale in non-specialized stores"
"G.47.2","Retail sale of food, beverages and tobacco in specialized stores"
"G.47.2.1","Retail sale of food in specialized stores"
"G.47.2.2","Retail sale of beverages in specialized stores"
"G.47.2.3","Retail sale of tobacco products in specialized stores"
"G.47.3","Retail sale of automotive fuel in specialized stores"
"G.47.3.0","Retail sale of automotive fuel in specialized stores"
"G.47.4","Retail sale of information and communications equipment in specialized stores"
"G.47.4.1","Retail sale of computers, peripheral units, software and telecommunications equipment in specialized stores"
"G.47.4.2","Retail sale of audio and video equipment in specialized stores"
"G.47.5","Retail sale of other household equipment in specialized stores"
"G.47.5.1","Retail sale of textiles in specialized stores"
"G.47.5.2","Retail sale of hardware, paints and glass in specialized stores"
"G.47.5.3","Retail sale of carpets, rugs, wall and floor coverings in specialized stores"
"G.47.5.9","Retail sale of electrical household appliances, furniture, lighting equipment and other household articles in specialized stores"
"G.47.6","Retail sale of cultural and recreation goods in specialized stores"
"G.47.6.1","Retail sale of books, newspapers and stationary in specialized stores"
"G.47.6.2","Retail sale of music and video recordings in specialized stores"
"G.47.6.3","Retail sale of sporting equipment in specialized stores"
"G.47.6.4","Retail sale of games and toys in specialized stores"
"G.47.7","Retail sale of other goods in specialized stores"
"G.47.7.1","Retail sale of clothing, footwear and leather articles in specialized stores"
"G.47.7.2","Retail sale of pharmaceutical and medical goods, cosmetic and toilet articles in specialized stores"
"G.47.7.3","Other retail sale of new goods in specialized stores"
"G.47.7.4","Retail sale of second-hand goods"
"G.47.8","Retail sale via stalls and markets"
"G.47.8.1","Retail sale via stalls and markets of food, beverages and tobacco products"
"G.47.8.2","Retail sale via stalls and markets of textiles, clothing and footwear"
"G.47.8.9","Retail sale via stalls and markets of other goods"
"G.47.9","Retail trade not in stores, stalls or markets"
"G.47.9.1","Retail sale via mail order houses or via Internet"
"G.47.9.9","Other retail sale not in stores, stalls or markets"
"H","Transportation and storage"
"H.49","Land transport and transport via pipelines"
"H.49.1","Transport via railways"
"H.49.1.1","Passenger rail transport, interurban"
"H.49.1.2","Freight rail transport"
"H.49.2","Other land transport"
"H.49.2.1","Urban and suburban passenger land transport"
"H.49.2.2","Other passenger land transport"
"H.49.2.3","Freight transport by road"
"H.49.3","Transport via pipeline"
"H.49.3.0","Transport via pipeline"
"H.50","Water transport"
"H.50.1","Sea and coastal water transport"
"H.50.1.1","Sea and coastal passenger water transport"
"H.50.1.2","Sea and coastal freight water transport"
"H.50.2","Inland water transport"
"H.50.2.1","Inland passenger water transport"
"H.50.2.2","Inland freight water transport"
"H.51","Air transport"
"H.51.1","Passenger air transport"
"H.51.1.0","Passenger air transport"
"H.51.2","Freight air transport"
"H.51.2.0","Freight air transport"
"H.52","Warehousing and support activities for transportation"
"H.52.1","Warehousing and storage"
"H.52.1.0","Warehousing and storage"
"H.52.2","Support activities for transportation"
"H.52.2.1","Service activities incidental to land transportation"
"H.52.2.2","Service activities incidental to water transportation"
"H.52.2.3","Service activities incidental to air transportation"
"H.52.2.4","Cargo handling"
"H.52.2.9","Other transportation support activities"
"H.53","Postal and courier activities"
"H.53.1","Postal activities"
"H.53.1.0","Postal activities"
"H.53.2","Courier activities"
"H.53.2.0","Courier activities"
"I","Accommodation and food service activities"
"I.55","Accommodation"
"I.55.1","Short term accommodation activities"
"I.55.1.0","Short term accommodation activities"
"I.55.2","Camping grounds, recreational vehicle parks and trailer parks"
"I.55.2.0","Camping grounds, recreational vehicle parks and trailer parks"
"I.55.9","Other accommodation"
"I.55.9.0","Other accommodation"
"I.56","Food and beverage service activities"
"I.56.1","Restaurants and mobile food service activities"
"I.56.1.0","Restaurants and mobile food service activities"
"I.56.2","Event catering and other food service activities"
"I.56.2.1","Event catering"
"I.56.2.9","Other food service activities"
"I.56.3","Beverage serving activities"
"I.56.3.0","Beverage serving activities"
"J","Information and communication"
"J.58","Publishing activities"
"J.58.1","Publishing of books, periodicals and other publishing activities"
"J.58.1.1","Book publishing"
"J.58.1.2","Publishing of directories and mailing lists"
"J.58.1.3","Publishing of newspapers, journals and periodicals"
"J.58.1.9","Other publishing activities"
"J.58.2","Software publishing"
"J.58.2.0","Software publishing"
"J.59","Motion picture, video and television programme production, sound recording and music publishing activities"
"J.59.1","Motion picture, video and television programme activities"
"J.59.1.1","Motion picture, video and television programme production activities"
"J.59.1.2","Motion picture, video and television programme post-production activities"
"J.59.1.3","Motion picture, video and television programme distribution activities"
"J.59.1.4","Motion picture projection activities"
"J.59.2","Sound recording and music publishing activities"
"J.59.2.0","Sound recording and music publishing activities"
"J.60","Programming and broadcasting activities"
"J.60.1","Radio broadcasting"
"J.60.1.0","Radio broadcasting"
"J.60.2","Television programming and broadcasting activities"
"J.60.2.0","Television programming and broadcasting activities"
"J.61","Telecommunications"
"J.61.1","Wired telecommunications activities"
"J.61.1.0","Wired telecommunications activities"
"J.61.2","Wireless telecommunications activities"
"J.61.2.0","Wireless telecommunications activities"
"J.61.3","Satellite telecommunications activities"
"J.61.3.0","Satellite telecommunications activities"
"J.61.9","Other telecommunications activities"
"J.61.9.0","Other telecommunications activities"
"J.62","Computer programming, consultancy and related activities"
"J.62.0","Computer programming, consultancy and related activities"
"J.62.0.1","Computer programming activities"
"J.62.0.2","Computer consultancy and computer facilities management activities"
"J.62.0.9","Other information technology and computer service activities"
"J.63","Information service activities"
"J.63.1","Data processing, hosting and related activities; web portals"
"J.63.1.1","Data processing, hosting and related activities"
"J.63.1.2","Web portals"
"J.63.9","Other information service activities"
"J.63.9.1","News agency activities"
"J.63.9.9","Other information service activities n.e.c."
"K","Financial and insurance activities"
"K.64","Financial service activities, except insurance and pension funding"
"K.64.1","Monetary intermediation"
"K.64.1.1","Central banking"
"K.64.1.9","Other monetary intermediation"
"K.64.2","Activities of holding companies"
"K.64.2.0","Activities of holding companies"
"K.64.3","Trusts, funds and similar financial entities"
"K.64.3.0","Trusts, funds and similar financial entities"
"K.64.9","Other financial service activities, except insurance and pension funding activities"
"K.64.9.1","Financial leasing"
"K.64.9.2","Other credit granting"
"K.64.9.9","Other financial service activities, except insurance and pension funding activities, n.e.c."
"K.65","Insurance, reinsurance and pension funding, except compulsory social security"
"K.65.1","Insurance"
"K.65.1.1","Life insurance"
"K.65.1.2","Non-life insurance"
"K.65.2","Reinsurance"
"K.65.2.0","Reinsurance"
"K.65.3","Pension funding"
"K.65.3.0","Pension funding"
"K.66","Activities auxiliary to financial service and insurance activities"
"K.66.1","Activities auxiliary to financial service activities, except insurance and pension funding"
"K.66.1.1","Administration of financial markets"
"K.66.1.2","Security and commodity contracts brokerage"
"K.66.1.9","Other activities auxiliary to financial service activities"
"K.66.2","Activities auxiliary to insurance and pension funding"
"K.66.2.1","Risk and damage evaluation"
"K.66.2.2","Activities of insurance agents and brokers"
"K.66.2.9","Other activities auxiliary to insurance and pension funding"
"K.66.3","Fund management activities"
"K.66.3.0","Fund management activities"
"L","Real estate activities"
"L.68","Real estate activities"
"L.68.1","Real estate activities with own or leased property"
"L.68.1.0","Real estate activities with own or leased property"
"L.68.2","Real estate activities on a fee or contract basis"
"L.68.2.0","Real estate activities on a fee or contract basis"
"M","Professional, scientific and technical activities"
"M.69","Legal and accounting activities"
"M.69.1","Legal activities"
"M.69.1.0","Legal activities"
"M.69.2","Accounting, bookkeeping and auditing activities; tax consultancy"
"M.69.2.0","Accounting, bookkeeping and auditing activities; tax consultancy"
"M.70","Activities of head offices; management consultancy activities"
"M.70.1","Activities of head offices"
"M.70.1.0","Activities of head offices"
"M.70.2","Management consultancy activities"
"M.70.2.0","Management consultancy activities"
"M.71","Architectural and engineering activities; technical testing and analysis"
"M.71.1","Architectural and engineering activities and related technical consultancy"
"M.71.1.0","Architectural and engineering activities and related technical consultancy"
"M.71.2","Technical testing and analysis"
"M.71.2.0","Technical testing and analysis"
"M.72","Scientific research and development"
"M.72.1","Research and experimental development on natural sciences and engineering"
"M.72.1.0","Research and experimental development on natural sciences and engineering"
"M.72.2","Research and experimental development on social sciences and humanities"
"M.72.2.0","Research and experimental development on social sciences and humanities"
"M.73","Advertising and market research"
"M.73.1","Advertising"
"M.73.1.0","Advertising"
"M.73.2","Market research and public opinion polling"
"M.73.2.0","Market research and public opinion polling"
"M.74","Other professional, scientific and technical activities"
"M.74.1","Specialized design activities"
"M.74.1.0","Specialized design activities"
"M.74.2","Photographic activities"
"M.74.2.0","Photographic activities"
"M.74.9","Other professional, scientific and technical activities n.e.c."
"M.74.9.0","Other professional, scientific and technical activities n.e.c."
"M.75","Veterinary activities"
"M.75.0","Veterinary activities"
"M.75.0.0","Veterinary activities"
"N","Administrative and support service activities"
"N.77","Rental and leasing activities"
"N.77.1","Renting and leasing of motor vehicles"
"N.77.1.0","Renting and leasing of motor vehicles"
"N.77.2","Renting and leasing of personal and household goods"
"N.77.2.1","Renting and leasing of recreational and sports goods"
"N.77.2.2","Renting of video tapes and disks"
"N.77.2.9","Renting and leasing of other personal and household goods"
"N.77.3","Renting and leasing of other machinery, equipment and tangible goods"
"N.77.3.0","Renting and leasing of other machinery, equipment and tangible goods"
"N.77.4","Leasing of intellectual property and similar products, except copyrighted works"
"N.77.4.0","Leasing of intellectual property and similar products, except copyrighted works"
"N.78","Employment activities"
"N.78.1","Activities of employment placement agencies"
"N.78.1.0","Activities of employment placement agencies"
"N.78.2","Temporary employment agency activities"
"N.78.2.0","Temporary employment agency activities"
"N.78.3","Other human resources provision"
"N.78.3.0","Other human resources provision"
"N.79","Travel agency, tour operator, reservation service and related activities"
"N.79.1","Travel agency and tour operator activities"
"N.79.1.1","Travel agency activities"
"N.79.1.2","Tour operator activities"
"N.79.9","Other reservation service and related activities"
"N.79.9.0","Other reservation service and related activities"
"N.80","Security and investigation activities"
"N.80.1","Private security activities"
"N.80.1.0","Private security activities"
"N.80.2","Security systems service activities"
"N.80.2.0","Security systems service activities"
"N.80.3","Investigation activities"
"N.80.3.0","Investigation activities"
"N.81","Services to buildings and landscape activities"
"N.81.1","Combined facilities support activities"
"N.81.1.0","Combined facilities support activities"
"N.81.2","Cleaning activities"
"N.81.2.1","General cleaning of buildings"
"N.81.2.9","Other building and industrial cleaning activities"
"N.81.3","Landscape care and maintenance service activities"
"N.81.3.0","Landscape care and maintenance service activities"
"N.82","Office administrative, office support and other business support activities"
"N.82.1","Office administrative and support activities"
"N.82.1.1","Combined office administrative service activities"
"N.82.1.9","Photocopying, document preparation and other specialized office support activities"
"N.82.2","Activities of call centres"
"N.82.2.0","Activities of call centres"
"N.82.3","Organization of conventions and trade shows"
"N.82.3.0","Organization of conventions and trade shows"
"N.82.9","Business support service activities n.e.c."
"N.82.9.1","Activities of collection agencies and credit bureaus"
"N.82.9.2","Packaging activities"
"N.82.9.9","Other business support service activities n.e.c."
"O","Public administration and defence; compulsory social security"
"O.84","Public administration and defence; compulsory social security"
"O.84.1","Administration of the State and the economic and social policy of the community"
"O.84.1.1","General public administration activities"
"O.84.1.2","Regulation of the activities of providing health care, education, cultural services and other social services, excluding social security"
"O.84.1.3","Regulation of and contribution to more efficient operation of businesses"
"O.84.2","Provision of services to the community as a whole"
"O.84.2.1","Foreign affairs"
"O.84.2.2","Defence activities"
"O.84.2.3","Public order and safety activities"
"O.84.3","Compulsory social security activities"
"O.84.3.0","Compulsory social security activities"
"P","Education"
"P.85","Education"
"P.85.1","Pre-primary and primary education"
"P.85.1.0","Pre-primary and primary education"
"P.85.2","Secondary education"
"P.85.2.1","General secondary education"
"P.85.2.2","Technical and vocational secondary education"
"P.85.3","Higher education"
"P.85.3.0","Higher education"
"P.85.4","Other education"
"P.85.4.1","Sports and recreation education"
"P.85.4.2","Cultural education"
"P.85.4.9","Other education n.e.c."
"P.85.5","Educational support activities"
"P.85.5.0","Educational support activities"
"Q","Human health and social work activities"
"Q.86","Human health activities"
"Q.86.1","Hospital activities"
"Q.86.1.0","Hospital activities"
"Q.86.2","Medical and dental practice activities"
"Q.86.2.0","Medical and dental practice activities"
"Q.86.9","Other human health activities"
"Q.86.9.0","Other human health activities"
"Q.87","Residential care activities"
"Q.87.1","Residential nursing care facilities"
"Q.87.1.0","Residential nursing care facilities"
"Q.87.2","Residential care activities for mental retardation, mental health and substance abuse"
"Q.87.2.0","Residential care activities for mental retardation, mental health and substance abuse"
"Q.87.3","Residential care activities for the elderly and disabled"
"Q.87.3.0","Residential care activities for the elderly and disabled"
"Q.87.9","Other residential care activities"
"Q.87.9.0","Other residential care activities"
"Q.88","Social work activities without accommodation"
"Q.88.1","Social work activities without accommodation for the elderly and disabled"
"Q.88.1.0","Social work activities without accommodation for the elderly and disabled"
"Q.88.9","Other social work activities without accommodation"
"Q.88.9.0","Other social work activities without accommodation"
"R","Arts, entertainment and recreation"
"R.90","Creative, arts and entertainment activities"
"R.90.0","Creative, arts and entertainment activities"
"R.90.0.0","Creative, arts and entertainment activities"
"R.91","Libraries, archives, museums and other cultural activities"
"R.91.0","Libraries, archives, museums and other cultural activities"
"R.91.0.1","Library and archives activities"
"R.91.0.2","Museums activities and operation of historical sites and buildings"
"R.91.0.3","Botanical and zoological gardens and nature reserves activities"
"R.92","Gambling and betting activities"
"R.92.0","Gambling and betting activities"
"R.92.0.0","Gambling and betting activities"
"R.93","Sports activities and amusement and recreation activities"
"R.93.1","Sports activities"
"R.93.1.1","Operation of sports facilities"
"R.93.1.2","Activities of sports clubs"
"R.93.1.9","Other sports activities"
"R.93.2","Other amusement and recreation activities"
"R.93.2.1","Activities of amusement parks and theme parks"
"R.93.2.9","Other amusement and recreation activities n.e.c."
"S","Other service activities"
"S.94","Activities of membership organizations"
"S.94.1","Activities of business, employers and professional membership organizations"
"S.94.1.1","Activities of business and employers membership organizations"
"S.94.1.2","Activities of professional membership organizations"
"S.94.2","Activities of trade unions"
"S.94.2.0","Activities of trade unions"
"S.94.9","Activities of other membership organizations"
"S.94.9.1","Activities of religious organizations"
"S.94.9.2","Activities of political organizations"
"S.94.9.9","Activities of other membership organizations n.e.c."
"S.95","Repair of computers and personal and household goods"
"S.95.1","Repair of computers and communication equipment"
"S.95.1.1","Repair of computers and peripheral equipment"
"S.95.1.2","Repair of communication equipment"
"S.95.2","Repair of personal and household goods"
"S.95.2.1","Repair of consumer electronics"
"S.95.2.2","Repair of household appliances and home and garden equipment"
"S.95.2.3","Repair of footwear and leather goods"
"S.95.2.4","Repair of furniture and home furnishings"
"S.95.2.9","Repair of other personal and household goods"
"S.96","Other personal service activities"
"S.96.0","Other personal service activities"
"S.96.0.1","Washing and (dry-) cleaning of textile and fur products"
"S.96.0.2","Hairdressing and other beauty treatment"
"S.96.0.3","Funeral and related activities"
"S.96.0.9","Other personal service activities n.e.c."
"T","Activities of households as employers; undifferentiated goods- and services-producing activities of households for own use"
"T.97","Activities of households as employers of domestic personnel"
"T.97.0","Activities of households as employers of domestic personnel"
"T.97.0.0","Activities of households as employers of domestic personnel"
"T.98","Undifferentiated goods- and services-producing activities of private households for own use"
"T.98.1","Undifferentiated goods-producing activities of private households for own use"
"T.98.1.0","Undifferentiated goods-producing activities of private households for own use"
"T.98.2","Undifferentiated service-producing activities of private households for own use"
"T.98.2.0","Undifferentiated service-producing activities of private households for own use"
"U","Activities of extraterritorial organizations and bodies"
"U.99","Activities of extraterritorial organizations and bodies"
"U.99.0","Activities of extraterritorial organizations and bodies"
"U.99.0.0","Activities of extraterritorial organizations and bodies"
